{"mean":{"confidence_interval":{"confidence_level":0.95,"lower_bound":41.55322684167163,"upper_bound":41.63633821076676},"point_estimate":41.59098974819354,"standard_error":0.02130107192295627},"median":{"confidence_interval":{"confidence_level":0.95,"lower_bound":41.51454748915932,"upper_bound":41.55111604020542},"point_estimate":41.53184283783153,"standard_error":0.008709241402941886},"median_abs_dev":{"confidence_interval":{"confidence_level":0.95,"lower_bound":0.05551830418099639,"upper_bound":0.09711157082978562},"point_estimate":0.07213435565215806,"standard_error":0.010516010155284916},"slope":{"confidence_interval":{"confidence_level":0.95,"lower_bound":41.53427456098457,"upper_bound":41.58121204999055},"point_estimate":41.556533549021346,"standard_error":0.011991280054671056},"std_dev":{"confidence_interval":{"confidence_level":0.95,"lower_bound":0.12100025378611944,"upper_bound":0.3037649243299486},"point_estimate":0.21430357703862224,"standard_error":0.0485692631129819}}