{"mean":{"confidence_interval":{"confidence_level":0.95,"lower_bound":41.40976384591666,"upper_bound":41.51800395147414},"point_estimate":41.4639984243719,"standard_error":0.0275116813792209},"median":{"confidence_interval":{"confidence_level":0.95,"lower_bound":41.42385770306889,"upper_bound":41.545976228255476},"point_estimate":41.47995294292389,"standard_error":0.03438564459569699},"median_abs_dev":{"confidence_interval":{"confidence_level":0.95,"lower_bound":0.16599520192064487,"upper_bound":0.2853211669280735},"point_estimate":0.21662542843649885,"standard_error":0.02959154774878546},"slope":{"confidence_interval":{"confidence_level":0.95,"lower_bound":41.41329190946088,"upper_bound":41.495558986329314},"point_estimate":41.45497483979545,"standard_error":0.02093712246648641},"std_dev":{"confidence_interval":{"confidence_level":0.95,"lower_bound":0.2298224849135841,"upper_bound":0.32048827576390715},"point_estimate":0.2774280551615743,"standard_error":0.023124938009010415}}