{"mean":{"confidence_interval":{"confidence_level":0.95,"lower_bound":30.98971916240951,"upper_bound":31.020809551640973},"point_estimate":31.003373271828806,"standard_error":0.007966741031756928},"median":{"confidence_interval":{"confidence_level":0.95,"lower_bound":30.98656728810904,"upper_bound":31.006955976813412},"point_estimate":30.995180087550445,"standard_error":0.006358786047285866},"median_abs_dev":{"confidence_interval":{"confidence_level":0.95,"lower_bound":0.032001182108251605,"upper_bound":0.04988429766469319},"point_estimate":0.04022094722055474,"standard_error":0.00470033972404525},"slope":{"confidence_interval":{"confidence_level":0.95,"lower_bound":30.99531368363106,"upper_bound":31.02863804625824},"point_estimate":31.010850304422437,"standard_error":0.008507206103641838},"std_dev":{"confidence_interval":{"confidence_level":0.95,"lower_bound":0.041721893743557927,"upper_bound":0.11988285472577319},"point_estimate":0.07994230838201952,"standard_error":0.023000917987966277}}