{"fastant":{"elapsed":51.813625,"now":15.6778608},"minstant":{"elapsed":137.038164,"now":57.1276864},"quanta":{"elapsed":52.3931942,"now":24.467228},"std":{"elapsed":107.1266736,"now":48.464144},"tach":{"elapsed":32.9272352,"now":14.5847632}}