{"fastant":{"elapsed":51.6567484,"now":15.8520416},"minstant":{"elapsed":136.2190252,"now":57.0445694},"quanta":{"elapsed":51.7384048,"now":24.3918836},"std":{"elapsed":107.108742,"now":48.3360398},"tach":{"elapsed":32.9122772,"now":14.6121966}}