{"fastant":{"elapsed":53.073765,"now":16.0096354},"minstant":{"elapsed":136.4694234,"now":56.9136244},"quanta":{"elapsed":52.0992432,"now":24.1041378},"std":{"elapsed":106.923876,"now":48.4389644},"tach":{"elapsed":32.8947348,"now":15.2887188}}