{"mean":{"confidence_interval":{"confidence_level":0.95,"lower_bound":4.456892862467383,"upper_bound":4.475168182702079},"point_estimate":4.4649589693357905,"standard_error":0.004712361207860401},"median":{"confidence_interval":{"confidence_level":0.95,"lower_bound":4.449036877850145,"upper_bound":4.457068709262447},"point_estimate":4.451546713567713,"standard_error":0.0021919259137825036},"median_abs_dev":{"confidence_interval":{"confidence_level":0.95,"lower_bound":0.01137351132987439,"upper_bound":0.023393707384454936},"point_estimate":0.015598009548818832,"standard_error":0.003162530129605596},"slope":{"confidence_interval":{"confidence_level":0.95,"lower_bound":4.450221084338105,"upper_bound":4.4595868131695795},"point_estimate":4.454606543685629,"standard_error":0.0023858563654271018},"std_dev":{"confidence_interval":{"confidence_level":0.95,"lower_bound":0.02307964852865801,"upper_bound":0.07097552282348644},"point_estimate":0.047406630612281266,"standard_error":0.013384095432859792}}