{"mean":{"confidence_interval":{"confidence_level":0.95,"lower_bound":19.724572069207067,"upper_bound":19.817653969671618},"point_estimate":19.770599451010995,"standard_error":0.023711779300708644},"median":{"confidence_interval":{"confidence_level":0.95,"lower_bound":19.71103163443406,"upper_bound":19.828955532574973},"point_estimate":19.767834388028707,"standard_error":0.031249117271496974},"median_abs_dev":{"confidence_interval":{"confidence_level":0.95,"lower_bound":0.1969560903492982,"upper_bound":0.3197092835201714},"point_estimate":0.26500738103236376,"standard_error":0.030897261661924694},"slope":{"confidence_interval":{"confidence_level":0.95,"lower_bound":19.706703479357145,"upper_bound":19.793813959821108},"point_estimate":19.749599369301887,"standard_error":0.02222152252826771},"std_dev":{"confidence_interval":{"confidence_level":0.95,"lower_bound":0.20824624427994542,"upper_bound":0.2650870463395666},"point_estimate":0.2382520903786652,"standard_error":0.014508954664021525}}